time,callstack,stack,total
0.2641276250000004,516,257,773
0.25615091600000106,516,257,773
0.24699620900000063,516,257,773
0.2836413750000002,516,257,773
0.2563553340000002,516,257,773
0.25354974999999946,516,257,773
0.24874745800000042,516,257,773
0.2532884580000001,516,257,773
0.2499277080000013,516,257,773
0.35691795800000037,516,257,773
0.34911974999999984,516,257,773
0.2533196660000012,516,257,773
0.3547592090000009,516,257,773
0.3517648330000007,516,257,773
0.41584816599999996,516,257,773
0.3549340839999999,516,257,773
0.24951599999999985,516,257,773
0.25679374999999993,516,257,773
0.2623828750000001,516,257,773
0.253492167000001,516,257,773
0.24637370800000014,516,257,773
0.24754920900000243,516,257,773
0.251392666000001,516,257,773
0.2506043749999982,516,257,773
0.2512875410000035,516,257,773
0.25213691699999785,516,257,773
0.2508026670000021,516,257,773
0.25660491600000057,516,257,773
0.25268858400000127,516,257,773
0.26157724999999843,516,257,773
